Accuracy,False Positives,False Negatives,Recall,Precision,Specificity,MCC
0.9266147273184218,0.0077909022367429,0.06559437044483539,0.8447352766210589,0.9786354238456237,0.9865100087032201,0.8530329814604943
