Accuracy,False Positives,False Negatives,Recall,Precision,Specificity,MCC
0.9228449359135461,0.008293541090726313,0.06886152299572756,0.8370017846519928,0.9770833333333333,0.9856396866840731,0.8455842243702448
