Accuracy,False Positives,False Negatives,Recall,Precision,Specificity,MCC
0.9904498617743152,0.00025131942699170643,0.00929881879869314,0.9779892920880429,0.9993920972644377,0.9995648389904265,0.980542240494818
