Accuracy,False Positives,False Negatives,Recall,Precision,Specificity,MCC
0.9688363910530284,0.006534305101784368,0.024629303845187234,0.9417013682331945,0.9838408949658173,0.9886858137510879,0.9364193780186715
