Accuracy,False Positives,False Negatives,Recall,Precision,Specificity,MCC
0.991455139482282,0.00025131942699170643,0.008293541090726313,0.9803688280785247,0.9993935718617344,0.9995648389904265,0.9825785051957464
